{
  "project_info": {
    "project_number": "241085158226",
    "project_id": "billing-app-cbb87",
    "storage_bucket": "billing-app-cbb87.firebasestorage.app"
  },
  "client": [
    {
      "client_info": {
        "mobilesdk_app_id": "1:241085158226:android:0d8377b554f487d92e608b",
        "android_client_info": {
          "package_name": "com.vendorbilling"
        }
      },
      "oauth_client": [],
      "api_key": [
        {
          "current_key": "AIzaSyAYojbK1ZRQWaE8MlJy1cMse9deIHq4URw"
        }
      ],
      "services": {
        "appinvite_service": {
          "other_platform_oauth_client": []
        }
      }
    }
  ],
  "configuration_version": "1"
}